fdata_package/data/0x04b55192.file	Layer2/0005_KOK_HAIR_001/data/0x04b55192.file
fdata_package/data/0x14e8429c.file	Layer2/0005_KOK_HAIR_001/data/0x14e8429c.file
fdata_package/data/0x35ab1c3a.file	Layer2/0005_KOK_HAIR_001/data/0x35ab1c3a.file
fdata_package/data/0x36459579.file	Layer2/0005_KOK_HAIR_001/data/0x36459579.file
fdata_package/data/0x3ad99403.file	Layer2/0005_KOK_HAIR_001/data/0x3ad99403.file
fdata_package/data/0x4afc4f47.file	Layer2/0005_KOK_HAIR_001/data/0x4afc4f47.file
fdata_package/data/0x5cfb52b5.file	Layer2/0005_KOK_HAIR_001/data/0x5cfb52b5.file
fdata_package/data/0x8346fa03.file	Layer2/0005_KOK_HAIR_001/data/0x8346fa03.file
fdata_package/data/0x993b5160.file	Layer2/0005_KOK_HAIR_001/data/0x993b5160.file
fdata_package/data/0x9b153f23.file	Layer2/0005_KOK_HAIR_001/data/0x9b153f23.file
fdata_package/data/0xadbf74bb.file	Layer2/0005_KOK_HAIR_001/data/0xadbf74bb.file
fdata_package/data/0xbfe9d46a.file	Layer2/0005_KOK_HAIR_001/data/0xbfe9d46a.file
fdata_package/data/0xdd38455c.file	Layer2/0005_KOK_HAIR_001/data/0xdd38455c.file
fdata_package/data/0xe6e56c73.file	Layer2/0005_KOK_HAIR_001/data/0xe6e56c73.file
fdata_package/data/0xefbff98d.file	Layer2/0005_KOK_HAIR_001/data/0xefbff98d.file
fdata_package/data/0xf5a59df4.file	Layer2/0005_KOK_HAIR_001/data/0xf5a59df4.file
fdata_package/data/0xfdc5c014.file	Layer2/0005_KOK_HAIR_001/data/0xfdc5c014.file
