fdata_package/data/0x0b3e6fd7.file	Layer2/0002_MNT_COS_011/data/0x0b3e6fd7.file
fdata_package/data/0x18c7c58a.file	Layer2/0002_MNT_COS_011/data/0x18c7c58a.file
fdata_package/data/0x1eb9cc3f.file	Layer2/0002_MNT_COS_011/data/0x1eb9cc3f.file
fdata_package/data/0x32081b8c.file	Layer2/0002_MNT_COS_011/data/0x32081b8c.file
fdata_package/data/0x37fa2241.file	Layer2/0002_MNT_COS_011/data/0x37fa2241.file
fdata_package/data/0x55f94d90.file	Layer2/0002_MNT_COS_011/data/0x55f94d90.file
fdata_package/data/0x6f39a392.file	Layer2/0002_MNT_COS_011/data/0x6f39a392.file
fdata_package/data/0x8c279a89.file	Layer2/0002_MNT_COS_011/data/0x8c279a89.file
fdata_package/data/0x9219a13e.file	Layer2/0002_MNT_COS_011/data/0x9219a13e.file
fdata_package/data/0x97de9ad8.file	Layer2/0002_MNT_COS_011/data/0x97de9ad8.file
fdata_package/data/0xc5e58351.file	Layer2/0002_MNT_COS_011/data/0xc5e58351.file
fdata_package/data/0xc959228f.file	Layer2/0002_MNT_COS_011/data/0xc959228f.file
fdata_package/data/0xcc3625e2.file	Layer2/0002_MNT_COS_011/data/0xcc3625e2.file
fdata_package/data/0xd0bac93c.file	Layer2/0002_MNT_COS_011/data/0xd0bac93c.file
