b65a0df5	ab5b305a	MAR_HAIR_001
70652513	67ba84fc	NYO_HAIR_005
b6585b5a	87dbb915	TIN_HAIR_001
a4d5b2cb	70c23f04	AYA_HAIR_002
a4de56b1	5a22acde	HYT_HAIR_002
b65771c3	f9cec74c	MIL_HAIR_001
b6529222	753b574d	BRA_HAIR_001
a4dd1476	ab5b305a	MAR_HAIR_002
5ee82b94	2aadf43f	NYO_HAIR_006
a4db61db	def9a9f4	TIN_HAIR_002
9358b94c	c7e02fe3	AYA_HAIR_003
a4da7844	50ecb82b	MIL_HAIR_002
a4d598a3	cc59482c	BRA_HAIR_002
93601af7	59971218	MAR_HAIR_003
935e685c	87dbb915	TIN_HAIR_003
81dbbfcd	1efe20c2	AYA_HAIR_004
935d7ec5	f9cec74c	MIL_HAIR_003
81e32178	b0b502f7	MAR_HAIR_004
81e16edd	87dbb915	TIN_HAIR_004
705ec64e	70c23f04	AYA_HAIR_005
81e08546	f9cec74c	MIL_HAIR_004
b658706c	be13d543	HON_HAIR_001
b6576224	7081de8b	HEL_HAIR_001
706627f9	ab5b305a	MAR_HAIR_005
b65a8216	ff615bd9	KAS_HAIR_001
70638bc7	f9cec74c	MIL_HAIR_005
a4db76ed	1531c622	HON_HAIR_002
a4da68a5	c79fcf6a	HEL_HAIR_002
5ee92e7a	ab5b305a	MAR_HAIR_006
b65aa03d	55cc2312	LIS_HAIR_001
a4dd8897	567f4cb8	KAS_HAIR_002
5ee69248	f9cec74c	MIL_HAIR_006
b6535a8b	b1b071e1	NIC_HAIR_001
935e7d6e	6c4fb701	HON_HAIR_003
935d6f26	1ebdc049	HEL_HAIR_003
b6580ed2	e92d589d	HTM_HAIR_001
a4dda6be	acea13f1	LIS_HAIR_002
93608f18	ad9d3d97	KAS_HAIR_003
b6563539	78e1ff96	CRI_HAIR_001
a4d6610c	b1b071e1	NIC_HAIR_002
b6583c1c	7541e793	JAN_HAIR_001
81e183ef	be13d543	HON_HAIR_004
81e075a7	1ebdc049	HEL_HAIR_004
3bed88e1	87dbb915	TIN_HAIR_008
a4db1553	e92d589d	HTM_HAIR_002
9360ad3f	040804d0	LIS_HAIR_003
81e39599	04bb2e76	KAS_HAIR_004
3bec9f4a	f9cec74c	MIL_HAIR_008
a4d93bba	cffff075	CRI_HAIR_002
b6560583	4a9dcb8c	LEI_HAIR_001
70637c28	7081de8b	HEL_HAIR_005
935e1bd4	97693a5b	HTM_HAIR_003
81e3b3c0	040804d0	LIS_HAIR_004
b658c647	a6c67148	DGO_HAIR_001
b65713ac	8346fa03	KOK_HAIR_001
70669c1a	ff615bd9	KAS_HAIR_005
935c423b	271de154	CRI_HAIR_003
81dc6e0e	b1b071e1	NIC_HAIR_004
a4d90c04	a1bbbc6b	LEI_HAIR_002
b65bc5c5	2a046b07	RYU_HAIR_001
81e12255	ee872b3a	HTM_HAIR_004
a4d7baa6	567f4cb8	PHF_HAIR_002
b6595d86	ff615bd9	MPP_HAIR_001
7066ba41	040804d0	LIS_HAIR_005
a4da1a2d	da64eae2	KOK_HAIR_002
935c1285	f8d9ad4a	LEI_HAIR_003
706428d6	e92d589d	HTM_HAIR_005
935ac127	ad9d3d97	PHF_HAIR_003
a4dc6407	567f4cb8	MPP_HAIR_002
935d20ae	3182dbc1	KOK_HAIR_003
5ee27b10	b1b071e1	NIC_HAIR_006
81df1906	4ff79e29	LEI_HAIR_004
5ee72f57	9cc30cf8	HTM_HAIR_006
81ddc7a8	7144623b	PHF_HAIR_004
b6561ef1	719210de	ELI_HAIR_001
b6590b0f	0b42c180	NYO_HAIR_001
81e0272f	88a0cca0	KOK_HAIR_004
70621f87	4a9dcb8c	LEI_HAIR_005
4d6a35d8	e92d589d	HTM_HAIR_007
7060ce29	ff615bd9	PHF_HAIR_005
b65a80ff	43325190	BAS_HAIR_001
3befcdc4	55cc2312	LIS_HAIR_008
a4d92572	c8b001bd	ELI_HAIR_002
a4dc1190	0b42c180	NYO_HAIR_002
70632db0	8346fa03	KOK_HAIR_005
a4dd8780	43325190	BAS_HAIR_002
935c2bf3	719210de	ELI_HAIR_003
935f1811	b97ea33e	NYO_HAIR_003
b65d3b39	3640b996	BAY_HAIR_001
81e21e92	b97ea33e	NYO_HAIR_004
b652ac4a	dede91c6	AYA_HAIR_001
b65b5030	0304bbff	HYT_HAIR_001
