@BAS	Cameras/0x02b3a3d7.g1a
@BAS	Cameras/0x06b214f8.g1a
@PHF	Cameras/0x0cf350fd.g1a
@PHF	Cameras/0x10f1c21e.g1a
@BAY	Cameras/0x30dd8411.g1a
@LIS	Cameras/0x34b7a515.g1a
@BAY	Cameras/0x34dbf532.g1a
@MAI	Cameras/0x34eb0a76.g1a
@LIS	Cameras/0x38b61636.g1a
@MAI	Cameras/0x38e97b97.g1a
@DGO	Cameras/0x49dc211f.g1a
@RYU	Cameras/0x4c1ec29d.g1a
@NYO	Cameras/0x4ccf1de7.g1a
@DGO	Cameras/0x4dda9240.g1a
@RYU	Cameras/0x501d33be.g1a
@NYO	Cameras/0x50cd8f08.g1a
@BRA	Cameras/0x5b65e1fa.g1a
@BRA	Cameras/0x5f64531b.g1a
@ZAC	Cameras/0x6e7be8cf.g1a
@ZAC	Cameras/0x727a59f0.g1a
@MOM	Cameras/0x78336680.g1a
@AYA	Cameras/0x795d5422.g1a
@MAR	Cameras/0x7a29dacd.g1a
@RID	Cameras/0x7b079b3e.g1a
@MOM	Cameras/0x7c31d7a1.g1a
@AYA	Cameras/0x7d5bc543.g1a
@MAR	Cameras/0x7e284bee.g1a
@JAN	Cameras/0x7e86f1f4.g1a
@RID	Cameras/0x7f060c5f.g1a
@KOK	Cameras/0x803d3984.g1a
@JAN	Cameras/0x82856315.g1a
@KOK	Cameras/0x843baaa5.g1a
@CRI	Cameras/0x8d3c7e11.g1a
@SNK	Cameras/0x8da40fbb.g1a
@CRI	Cameras/0x913aef32.g1a
@SNK	Cameras/0x91a280dc.g1a
@RIG	Cameras/0x921c8b5b.g1a
@LEI	Cameras/0x9434645b.g1a
@RIG	Cameras/0x961afc7c.g1a
@LEI	Cameras/0x9832d57c.g1a
@SKD	Cameras/0x991a71df.g1a
@KAS	Cameras/0x99489dee.g1a
@HTM	Cameras/0x9b3baeaa.g1a
@SKD	Cameras/0x9d18e300.g1a
@KAS	Cameras/0x9d470f0f.g1a
@HTM	Cameras/0x9f3a1fcb.g1a
@NIC	Cameras/0xa2303163.g1a
@NIC	Cameras/0xa62ea284.g1a
@TIN	Cameras/0xb08af332.g1a
@TIN	Cameras/0xb4896453.g1a
@HYT	Cameras/0xb98eb208.g1a
@HON	Cameras/0xba75d644.g1a
@HYT	Cameras/0xbd8d2329.g1a
@HON	Cameras/0xbe744765.g1a
@RAC	Cameras/0xcc305fd7.g1a
@RAC	Cameras/0xd02ed0f8.g1a
@HEL	Cameras/0xda238ffc.g1a
@HEL	Cameras/0xde22011d.g1a
@MIL	Cameras/0xf325909b.g1a
@MIL	Cameras/0xf72401bc.g1a
@ELI	Cameras/0xf8732fc9.g1a
@ELI	Cameras/0xfc71a0ea.g1a
ARD07020_WIN.g1a	Cameras/0xfbc801b2.g1a
AYA07020_WIN.g1a	Cameras/0xf6f3f4dc.g1a
AYA07120_WIN.g1a	Cameras/0x7d79af7b.g1a
AYA07000_CHRSEL.g1a	Cameras/0x7d5bc543.g1a
AYA07001_CHRSEL.g1a	Cameras/0x795d5422.g1a
AYA07010_ENT.g1a	Cameras/0x4ef6036c.g1a
AYA07030_LOSE.g1a	Cameras/0x827df98e.g1a
AYA07110_ENT.g1a	Cameras/0xd57bbe0b.g1a
BAS07020_WIN.g1a	Cameras/0x804a4491.g1a
BAS07120_WIN.g1a	Cameras/0x06cfff30.g1a
BAS07000_CHRSEL.g1a	Cameras/0x06b214f8.g1a
BAS07001_CHRSEL.g1a	Cameras/0x02b3a3d7.g1a
BAS07010_ENT.g1a	Cameras/0xd84c5321.g1a
BAS07030_LOSE.g1a	Cameras/0x0bd44943.g1a
BAS07110_ENT.g1a	Cameras/0x5ed20dc0.g1a
BAY07020_WIN.g1a	Cameras/0xae7424cb.g1a
BAY07120_WIN.g1a	Cameras/0x34f9df6a.g1a
BAY07000_CHRSEL.g1a	Cameras/0x34dbf532.g1a
BAY07001_CHRSEL.g1a	Cameras/0x30dd8411.g1a
BAY07010_ENT.g1a	Cameras/0x0676335b.g1a
BAY07030_LOSE.g1a	Cameras/0x39fe297d.g1a
BAY07110_ENT.g1a	Cameras/0x8cfbedfa.g1a
BRA07020_WIN.g1a	Cameras/0xd8fc82b4.g1a
BRA07120_WIN.g1a	Cameras/0x5f823d53.g1a
BRA07000_CHRSEL.g1a	Cameras/0x5f64531b.g1a
BRA07001_CHRSEL.g1a	Cameras/0x5b65e1fa.g1a
BRA07010_ENT.g1a	Cameras/0x30fe9144.g1a
BRA07030_LOSE.g1a	Cameras/0x64868766.g1a
BRA07110_ENT.g1a	Cameras/0xb7844be3.g1a
CRI07020_WIN.g1a	Cameras/0x0ad31ecb.g1a
CRI07120_WIN.g1a	Cameras/0x9158d96a.g1a
CRI07000_CHRSEL.g1a	Cameras/0x913aef32.g1a
CRI07001_CHRSEL.g1a	Cameras/0x8d3c7e11.g1a
CRI07010_ENT.g1a	Cameras/0x62d52d5b.g1a
CRI07030_LOSE.g1a	Cameras/0x965d237d.g1a
CRI07110_ENT.g1a	Cameras/0xe95ae7fa.g1a
DGO07020_WIN.g1a	Cameras/0xc772c1d9.g1a
DGO07120_WIN.g1a	Cameras/0x4df87c78.g1a
DGO07000_CHRSEL.g1a	Cameras/0x4dda9240.g1a
DGO07001_CHRSEL.g1a	Cameras/0x49dc211f.g1a
DGO07010_ENT.g1a	Cameras/0x1f74d069.g1a
DGO07030_LOSE.g1a	Cameras/0x52fcc68b.g1a
DGO07110_ENT.g1a	Cameras/0xa5fa8b08.g1a
ELI07020_WIN.g1a	Cameras/0x7609d083.g1a
ELI07120_WIN.g1a	Cameras/0xfc8f8b22.g1a
ELI07000_CHRSEL.g1a	Cameras/0xfc71a0ea.g1a
ELI07001_CHRSEL.g1a	Cameras/0xf8732fc9.g1a
ELI07010_ENT.g1a	Cameras/0xce0bdf13.g1a
ELI07030_LOSE.g1a	Cameras/0x0193d535.g1a
ELI07110_ENT.g1a	Cameras/0x549199b2.g1a
HEL07020_WIN.g1a	Cameras/0x57ba30b6.g1a
HEL07120_WIN.g1a	Cameras/0xde3feb55.g1a
HEL07000_CHRSEL.g1a	Cameras/0xde22011d.g1a
HEL07001_CHRSEL.g1a	Cameras/0xda238ffc.g1a
HEL07010_ENT.g1a	Cameras/0xafbc3f46.g1a
HEL07030_LOSE.g1a	Cameras/0xe3443568.g1a
HEL07110_ENT.g1a	Cameras/0x3641f9e5.g1a
HON07020_WIN.g1a	Cameras/0x380c76fe.g1a
HON07120_WIN.g1a	Cameras/0xbe92319d.g1a
HON07000_CHRSEL.g1a	Cameras/0xbe744765.g1a
HON07001_CHRSEL.g1a	Cameras/0xba75d644.g1a
HON07010_ENT.g1a	Cameras/0x900e858e.g1a
HON07030_LOSE.g1a	Cameras/0xc3967bb0.g1a
HON07110_ENT.g1a	Cameras/0x1694402d.g1a
HTM07020_WIN.g1a	Cameras/0x18d24f64.g1a
HTM07120_WIN.g1a	Cameras/0x9f580a03.g1a
HTM07000_CHRSEL.g1a	Cameras/0x9f3a1fcb.g1a
HTM07010_ENT.g1a	Cameras/0x70d45df4.g1a
HTM07030_LOSE.g1a	Cameras/0xa45c5416.g1a
HTM07110_ENT.g1a	Cameras/0xf75a1893.g1a
HYT07020_WIN.g1a	Cameras/0x372552c2.g1a
HYT07120_WIN.g1a	Cameras/0xbdab0d61.g1a
HYT07000_CHRSEL.g1a	Cameras/0xbd8d2329.g1a
HYT07001_CHRSEL.g1a	Cameras/0xb98eb208.g1a
HYT07010_ENT.g1a	Cameras/0x8f276152.g1a
HYT07030_LOSE.g1a	Cameras/0xc2af5774.g1a
HYT07110_ENT.g1a	Cameras/0x15ad1bf1.g1a
JAN07020_WIN.g1a	Cameras/0xfc1d92ae.g1a
JAN07120_WIN.g1a	Cameras/0x82a34d4d.g1a
JAN07000_CHRSEL.g1a	Cameras/0x82856315.g1a
JAN07001_CHRSEL.g1a	Cameras/0x7e86f1f4.g1a
JAN07010_ENT.g1a	Cameras/0x541fa13e.g1a
JAN07030_LOSE.g1a	Cameras/0x87a79760.g1a
JAN07110_ENT.g1a	Cameras/0xdaa55bdd.g1a
KAS07020_WIN.g1a	Cameras/0x16df3ea8.g1a
KAS07120_WIN.g1a	Cameras/0x9d64f947.g1a
KAS07000_CHRSEL.g1a	Cameras/0x9d470f0f.g1a
KAS07001_CHRSEL.g1a	Cameras/0x99489dee.g1a
KAS07010_ENT.g1a	Cameras/0x6ee14d38.g1a
KAS07030_LOSE.g1a	Cameras/0xa269435a.g1a
KAS07110_ENT.g1a	Cameras/0xf56707d7.g1a
KOK07020_WIN.g1a	Cameras/0xfdd3da3e.g1a
KOK07120_WIN.g1a	Cameras/0x845994dd.g1a
KOK07000_CHRSEL.g1a	Cameras/0x843baaa5.g1a
KOK07001_CHRSEL.g1a	Cameras/0x803d3984.g1a
KOK07010_ENT.g1a	Cameras/0x55d5e8ce.g1a
KOK07030_LOSE.g1a	Cameras/0x895ddef0.g1a
KOK07110_ENT.g1a	Cameras/0xdc5ba36d.g1a
LEI07020_WIN.g1a	Cameras/0x11cb0515.g1a
LEI07120_WIN.g1a	Cameras/0x9850bfb4.g1a
LEI07000_CHRSEL.g1a	Cameras/0x9832d57c.g1a
LEI07001_CHRSEL.g1a	Cameras/0x9434645b.g1a
LEI07010_ENT.g1a	Cameras/0x69cd13a5.g1a
LEI07030_LOSE.g1a	Cameras/0x9d5509c7.g1a
LEI07110_ENT.g1a	Cameras/0xf052ce44.g1a
LIS07020_WIN.g1a	Cameras/0xb24e45cf.g1a
LIS07120_WIN.g1a	Cameras/0x38d4006e.g1a
LIS07000_CHRSEL.g1a	Cameras/0x38b61636.g1a
LIS07001_CHRSEL.g1a	Cameras/0x34b7a515.g1a
LIS07010_ENT.g1a	Cameras/0x0a50545f.g1a
LIS07110_ENT.g1a	Cameras/0x90d60efe.g1a
MAI07020_WIN.g1a	Cameras/0xb281ab30.g1a
MAI07120_WIN.g1a	Cameras/0x390765cf.g1a
MAI07000_CHRSEL.g1a	Cameras/0x38e97b97.g1a
MAI07001_CHRSEL.g1a	Cameras/0x34eb0a76.g1a
MAI07010_ENT.g1a	Cameras/0x0a83b9c0.g1a
MAI07030_LOSE.g1a	Cameras/0x3e0bafe2.g1a
MAI07110_ENT.g1a	Cameras/0x9109745f.g1a
MAR07020_WIN.g1a	Cameras/0xf7c07b87.g1a
MAR07120_WIN.g1a	Cameras/0x7e463626.g1a
MAR07000_CHRSEL.g1a	Cameras/0x7e284bee.g1a
MAR07001_CHRSEL.g1a	Cameras/0x7a29dacd.g1a
MAR07010_ENT.g1a	Cameras/0x4fc28a17.g1a
MAR07030_LOSE.g1a	Cameras/0x834a8039.g1a
MAR07110_ENT.g1a	Cameras/0xd64844b6.g1a
MIL07020_WIN.g1a	Cameras/0x70bc3155.g1a
MIL07120_WIN.g1a	Cameras/0xf741ebf4.g1a
MIL07000_CHRSEL.g1a	Cameras/0xf72401bc.g1a
MIL07001_CHRSEL.g1a	Cameras/0xf325909b.g1a
MIL07010_ENT.g1a	Cameras/0xc8be3fe5.g1a
MIL07030_LOSE.g1a	Cameras/0xfc463607.g1a
MIL07110_ENT.g1a	Cameras/0x4f43fa84.g1a
MOM07020_WIN.g1a	Cameras/0xf5ca073a.g1a
MOM07120_WIN.g1a	Cameras/0x7c4fc1d9.g1a
MOM07000_CHRSEL.g1a	Cameras/0x7c31d7a1.g1a
MOM07001_CHRSEL.g1a	Cameras/0x78336680.g1a
MOM07010_ENT.g1a	Cameras/0x4dcc15ca.g1a
MOM07030_LOSE.g1a	Cameras/0x81540bec.g1a
MOM07110_ENT.g1a	Cameras/0xd451d069.g1a
NIC07020_WIN.g1a	Cameras/0x1fc6d21d.g1a
NIC07120_WIN.g1a	Cameras/0xa64c8cbc.g1a
NIC07000_CHRSEL.g1a	Cameras/0xa62ea284.g1a
NIC07001_CHRSEL.g1a	Cameras/0xa2303163.g1a
NIC07010_ENT.g1a	Cameras/0x77c8e0ad.g1a
NIC07030_LOSE.g1a	Cameras/0xab50d6cf.g1a
NIC07110_ENT.g1a	Cameras/0xfe4e9b4c.g1a
NYO07020_WIN.g1a	Cameras/0xca65bea1.g1a
NYO07120_WIN.g1a	Cameras/0x50eb7940.g1a
NYO07000_CHRSEL.g1a	Cameras/0x50cd8f08.g1a
NYO07001_CHRSEL.g1a	Cameras/0x4ccf1de7.g1a
NYO07010_ENT.g1a	Cameras/0x2267cd31.g1a
NYO07030_LOSE.g1a	Cameras/0x55efc353.g1a
NYO07110_ENT.g1a	Cameras/0xa8ed87d0.g1a
PHF07120_WIN.g1a	Cameras/0x110fac56.g1a
PHF07000_CHRSEL.g1a	Cameras/0x10f1c21e.g1a
PHF07001_CHRSEL.g1a	Cameras/0x0cf350fd.g1a
PHF07010_ENT.g1a	Cameras/0xe28c0047.g1a
PHF07110_ENT.g1a	Cameras/0x6911bae6.g1a
RAC07020_WIN.g1a	Cameras/0x49c70091.g1a
RAC07120_WIN.g1a	Cameras/0xd04cbb30.g1a
RAC07000_CHRSEL.g1a	Cameras/0xd02ed0f8.g1a
RAC07001_CHRSEL.g1a	Cameras/0xcc305fd7.g1a
RAC07010_ENT.g1a	Cameras/0xa1c90f21.g1a
RAC07030_LOSE.g1a	Cameras/0xd5510543.g1a
RAC07110_ENT.g1a	Cameras/0x284ec9c0.g1a
RID07120_WIN.g1a	Cameras/0x7f23f697.g1a
RID07000_CHRSEL.g1a	Cameras/0x7f060c5f.g1a
RID07001_CHRSEL.g1a	Cameras/0x7b079b3e.g1a
RID07010_ENT.g1a	Cameras/0x50a04a88.g1a
RID07030_LOSE.g1a	Cameras/0x842840aa.g1a
RID07110_ENT.g1a	Cameras/0xd7260527.g1a
RIG07020_WIN.g1a	Cameras/0x0fb32c15.g1a
RIG07120_WIN.g1a	Cameras/0x9638e6b4.g1a
RIG07000_CHRSEL.g1a	Cameras/0x961afc7c.g1a
RIG07001_CHRSEL.g1a	Cameras/0x921c8b5b.g1a
RIG07010_ENT.g1a	Cameras/0x67b53aa5.g1a
RIG07030_LOSE.g1a	Cameras/0x9b3d30c7.g1a
RIG07110_ENT.g1a	Cameras/0xee3af544.g1a
RYU07020_WIN.g1a	Cameras/0xc9b56357.g1a
RYU07120_WIN.g1a	Cameras/0x503b1df6.g1a
RYU07000_CHRSEL.g1a	Cameras/0x501d33be.g1a
RYU07001_CHRSEL.g1a	Cameras/0x4c1ec29d.g1a
RYU07010_ENT.g1a	Cameras/0x21b771e7.g1a
RYU07030_LOSE.g1a	Cameras/0x553f6809.g1a
RYU07110_ENT.g1a	Cameras/0xa83d2c86.g1a
SKD07020_WIN.g1a	Cameras/0x16b11299.g1a
SKD07120_WIN.g1a	Cameras/0x9d36cd38.g1a
SKD07000_CHRSEL.g1a	Cameras/0x9d18e300.g1a
SKD07001_CHRSEL.g1a	Cameras/0x991a71df.g1a
SKD07010_ENT.g1a	Cameras/0x6eb32129.g1a
SKD07030_LOSE.g1a	Cameras/0xa23b174b.g1a
SKD07110_ENT.g1a	Cameras/0xf538dbc8.g1a
SNK07020_WIN.g1a	Cameras/0x0b3ab075.g1a
SNK07120_WIN.g1a	Cameras/0x91c06b14.g1a
SNK07000_CHRSEL.g1a	Cameras/0x91a280dc.g1a
SNK07001_CHRSEL.g1a	Cameras/0x8da40fbb.g1a
SNK07010_ENT.g1a	Cameras/0x633cbf05.g1a
SNK07030_LOSE.g1a	Cameras/0x96c4b527.g1a
SNK07110_ENT.g1a	Cameras/0xe9c279a4.g1a
TIN07020_WIN.g1a	Cameras/0x2e2193ec.g1a
TIN07120_WIN.g1a	Cameras/0xb4a74e8b.g1a
TIN07000_CHRSEL.g1a	Cameras/0xb4896453.g1a
TIN07001_CHRSEL.g1a	Cameras/0xb08af332.g1a
TIN07010_ENT.g1a	Cameras/0x8623a27c.g1a
TIN07030_LOSE.g1a	Cameras/0xb9ab989e.g1a
TIN07110_ENT.g1a	Cameras/0x0ca95d1b.g1a
ZAC07020_WIN.g1a	Cameras/0xec128989.g1a
ZAC07120_WIN.g1a	Cameras/0x72984428.g1a
ZAC07000_CHRSEL.g1a	Cameras/0x727a59f0.g1a
ZAC07001_CHRSEL.g1a	Cameras/0x6e7be8cf.g1a
ZAC07010_ENT.g1a	Cameras/0x44149819.g1a
ZAC07030_LOSE.g1a	Cameras/0x779c8e3b.g1a
ZAC07110_ENT.g1a	Cameras/0xca9a52b8.g1a
