b652ac4a	dede91c6	AYA_HAIR_001
a4d5b2cb	70c23f04	AYA_HAIR_002
9358b94c	c7e02fe3	AYA_HAIR_003
81dbbfcd	1efe20c2	AYA_HAIR_004
705ec64e	70c23f04	AYA_HAIR_005
cf814b28	70c23f04	AYA_HAIR_010
be0451a9	70c23f04	AYA_HAIR_011
cd679c67	70c23f04	AYA_HAIR_031
aa6da969	70c23f04	AYA_HAIR_033
8773b66b	1efe20c2	AYA_HAIR_035
75f6bcec	70c23f04	AYA_HAIR_036
6479c36d	130a2a23	AYA_HAIR_037
6479c36d	70c23f04	AYA_HAIR_037
39ba658c	70c23f04	AYA_HAIR_102
283d6c0d	70c23f04	AYA_HAIR_103
16c0728e	70c23f04	AYA_HAIR_104
b65a80ff	43325190	BAS_HAIR_001
a4dd8780	43325190	BAS_HAIR_002
be0c265e	43325190	BAS_HAIR_011
bbf2779d	43325190	BAS_HAIR_032
e2515ac6	43325190	BAS_HAIR_107
b65d3b39	3640b996	BAY_HAIR_001
b6529222	753b574d	BRA_HAIR_001
a4d598a3	cc59482c	BRA_HAIR_002
be043781	753b574d	BRA_HAIR_011
b6563539	78e1ff96	CRI_HAIR_001
a4d93bba	cffff075	CRI_HAIR_002
935c423b	271de154	CRI_HAIR_003
cf84d417	78e1ff96	CRI_HAIR_010
be07da98	78e1ff96	CRI_HAIR_011
cd6b2556	78e1ff96	CRI_HAIR_031
aa713258	78e1ff96	CRI_HAIR_033
98f438d9	d93eb7f6	CRI_HAIR_034
87773f5a	271de154	CRI_HAIR_035
647d4c5c	78e1ff96	CRI_HAIR_037
4b3ae7fa	78e1ff96	CRI_HAIR_101
39bdee7b	78e1ff96	CRI_HAIR_102
2840f4fc	271de154	CRI_HAIR_103
16c3fb7d	cffff075	CRI_HAIR_104
e24d0f00	78e1ff96	CRI_HAIR_107
b658c647	a6c67148	DGO_HAIR_001
be0a6ba6	a6c67148	DGO_HAIR_011
bbf0bce5	a6c67148	DGO_HAIR_032
e24fa00e	a6c67148	DGO_HAIR_107
b6561ef1	719210de	ELI_HAIR_001
a4d92572	c8b001bd	ELI_HAIR_002
935c2bf3	719210de	ELI_HAIR_003
be07c450	c8b001bd	ELI_HAIR_011
e24cf8b8	c8b001bd	ELI_HAIR_107
b6576224	7081de8b	HEL_HAIR_001
a4da68a5	c79fcf6a	HEL_HAIR_002
935d6f26	1ebdc049	HEL_HAIR_003
81e075a7	1ebdc049	HEL_HAIR_004
70637c28	7081de8b	HEL_HAIR_005
cf860102	1ebdc049	HEL_HAIR_010
be090783	7081de8b	HEL_HAIR_011
cd6c5241	1ebdc049	HEL_HAIR_031
aa725f43	7081de8b	HEL_HAIR_033
87786c45	1ebdc049	HEL_HAIR_035
647e7947	7081de8b	HEL_HAIR_037
4b3c14e5	c79fcf6a	HEL_HAIR_101
39bf1b66	7081de8b	HEL_HAIR_102
284221e7	7081de8b	HEL_HAIR_103
e24e3beb	7081de8b	HEL_HAIR_107
b658706c	be13d543	HON_HAIR_001
a4db76ed	1531c622	HON_HAIR_002
935e7d6e	6c4fb701	HON_HAIR_003
81e183ef	be13d543	HON_HAIR_004
cf870f4a	1531c622	HON_HAIR_010
cf870f4a	a56b8bf3	HON_HAIR_010
be0a15cb	1531c622	HON_HAIR_011
cd6d6089	be13d543	HON_HAIR_031
aa736d8b	1531c622	HON_HAIR_033
98f6740c	be13d543	HON_HAIR_034
87797a8d	1531c622	HON_HAIR_035
75fc810e	be13d543	HON_HAIR_036
647f878f	be13d543	HON_HAIR_037
53028e10	7ae8511f	HON_HAIR_038
41859491	d20641fe	HON_HAIR_039
5cba1cac	d20641fe	HON_HAIR_100
39c029ae	be13d543	HON_HAIR_102
2843302f	be13d543	HON_HAIR_103
16c636b0	be13d543	HON_HAIR_104
e24f4a33	be13d543	HON_HAIR_107
b6580ed2	e92d589d	HTM_HAIR_001
a4db1553	e92d589d	HTM_HAIR_002
935e1bd4	97693a5b	HTM_HAIR_003
81e12255	ee872b3a	HTM_HAIR_004
706428d6	e92d589d	HTM_HAIR_005
5ee72f57	9cc30cf8	HTM_HAIR_006
4d6a35d8	e92d589d	HTM_HAIR_007
3bed3c59	e92d589d	HTM_HAIR_008
2a7042da	ee872b3a	HTM_HAIR_009
cf86adb0	e92d589d	HTM_HAIR_010
be09b431	e92d589d	HTM_HAIR_011
cd6cfeef	e92d589d	HTM_HAIR_031
aa730bf1	e92d589d	HTM_HAIR_033
98f61272	97693a5b	HTM_HAIR_034
877918f3	ee872b3a	HTM_HAIR_035
75fc1f74	e92d589d	HTM_HAIR_036
647f25f5	ee872b3a	HTM_HAIR_037
4b3cc193	e92d589d	HTM_HAIR_101
39bfc814	e92d589d	HTM_HAIR_102
2842ce95	e92d589d	HTM_HAIR_103
16c5d516	e92d589d	HTM_HAIR_104
e24ee899	e92d589d	HTM_HAIR_107
b65b5030	0304bbff	HYT_HAIR_001
a4de56b1	5a22acde	HYT_HAIR_002
be0cf58f	5a22acde	HYT_HAIR_011
bbf346ce	0304bbff	HYT_HAIR_032
5cbcfc70	0304bbff	HYT_HAIR_100
b6583c1c	7541e793	JAN_HAIR_001
be09e17b	3e42ded4	JAN_HAIR_011
b65a8216	ff615bd9	KAS_HAIR_001
a4dd8897	567f4cb8	KAS_HAIR_002
93608f18	ad9d3d97	KAS_HAIR_003
81e39599	04bb2e76	KAS_HAIR_004
70669c1a	ff615bd9	KAS_HAIR_005
cf8920f4	7144623b	KAS_HAIR_010
be0c2775	7144623b	KAS_HAIR_011
b440d355	ad9d3d97	KAS_HAIR_022
cd6f7233	567f4cb8	KAS_HAIR_031
aa757f35	567f4cb8	KAS_HAIR_033
877b8c37	7144623b	KAS_HAIR_035
75fe92b8	567f4cb8	KAS_HAIR_036
64819939	567f4cb8	KAS_HAIR_037
4b3f34d7	ff615bd9	KAS_HAIR_101
39c23b58	ff615bd9	KAS_HAIR_102
284541d9	ff615bd9	KAS_HAIR_103
054b4edb	ff615bd9	KAS_HAIR_105
b65713ac	8346fa03	KOK_HAIR_001
a4da1a2d	da64eae2	KOK_HAIR_002
935d20ae	3182dbc1	KOK_HAIR_003
81e0272f	88a0cca0	KOK_HAIR_004
70632db0	8346fa03	KOK_HAIR_005
cf85b28a	8346fa03	KOK_HAIR_010
be08b90b	3182dbc1	KOK_HAIR_011
cd6c03c9	8346fa03	KOK_HAIR_031
aa7210cb	8346fa03	KOK_HAIR_033
87781dcd	88a0cca0	KOK_HAIR_035
75fb244e	8346fa03	KOK_HAIR_036
647e2acf	8346fa03	KOK_HAIR_037
4b3bc66d	8346fa03	KOK_HAIR_101
39beccee	8346fa03	KOK_HAIR_102
2841d36f	8346fa03	KOK_HAIR_103
16c4d9f0	8346fa03	KOK_HAIR_104
0547e071	8346fa03	KOK_HAIR_105
e24ded73	8346fa03	KOK_HAIR_107
b6560583	4a9dcb8c	LEI_HAIR_001
a4d90c04	a1bbbc6b	LEI_HAIR_002
935c1285	f8d9ad4a	LEI_HAIR_003
81df1906	4ff79e29	LEI_HAIR_004
70621f87	4a9dcb8c	LEI_HAIR_005
cf84a461	a1bbbc6b	LEI_HAIR_010
be07aae2	4a9dcb8c	LEI_HAIR_011
cd6af5a0	4a9dcb8c	LEI_HAIR_031
aa7102a2	4a9dcb8c	LEI_HAIR_033
98f40923	aafa83ec	LEI_HAIR_034
87770fa4	a1bbbc6b	LEI_HAIR_035
75fa1625	4a9dcb8c	LEI_HAIR_036
647d1ca6	a1bbbc6b	LEI_HAIR_037
39bdbec5	4a9dcb8c	LEI_HAIR_102
2840c546	4a9dcb8c	LEI_HAIR_103
16c3cbc7	b14a3ac8	LEI_HAIR_104
e24cdf4a	4a9dcb8c	LEI_HAIR_107
b65aa03d	55cc2312	LIS_HAIR_001
a4dda6be	acea13f1	LIS_HAIR_002
9360ad3f	040804d0	LIS_HAIR_003
81e3b3c0	040804d0	LIS_HAIR_004
7066ba41	040804d0	LIS_HAIR_005
3befcdc4	55cc2312	LIS_HAIR_008
cf893f1b	55cc2312	LIS_HAIR_010
be0c459c	55cc2312	LIS_HAIR_011
cd6f905a	55cc2312	LIS_HAIR_031
aa759d5c	55cc2312	LIS_HAIR_033
877baa5e	55cc2312	LIS_HAIR_035
6481b760	bb82ae0f	LIS_HAIR_037
4b3f52fe	55cc2312	LIS_HAIR_101
39c2597f	55cc2312	LIS_HAIR_102
28456000	55cc2312	LIS_HAIR_103
16c86681	55cc2312	LIS_HAIR_104
054b6d02	55cc2312	LIS_HAIR_105
e2517a04	55cc2312	LIS_HAIR_107
b655f69e	3ec59451	MAI_HAIR_001
cf84957c	3ec59451	MAI_HAIR_010
be079bfd	3ec59451	MAI_HAIR_011
ac8aa27e	3ec59451	MAI_HAIR_012
9b0da8ff	3ec59451	MAI_HAIR_013
8990af80	3ec59451	MAI_HAIR_014
b65a0df5	ab5b305a	MAR_HAIR_001
a4dd1476	ab5b305a	MAR_HAIR_002
93601af7	59971218	MAR_HAIR_003
81e32178	b0b502f7	MAR_HAIR_004
706627f9	ab5b305a	MAR_HAIR_005
5ee92e7a	ab5b305a	MAR_HAIR_006
4d6c34fb	59971218	MAR_HAIR_007
4d6c34fb	b0b502f7	MAR_HAIR_007
cf88acd3	59971218	MAR_HAIR_010
cf88acd3	b0b502f7	MAR_HAIR_010
be0bb354	59971218	MAR_HAIR_011
b4405f34	b0b502f7	MAR_HAIR_022
cd6efe12	ab5b305a	MAR_HAIR_031
aa750b14	59971218	MAR_HAIR_033
877b1816	59971218	MAR_HAIR_035
75fe1e97	59971218	MAR_HAIR_036
64812518	59971218	MAR_HAIR_037
53042b99	59971218	MAR_HAIR_038
4187321a	bf4d9d15	MAR_HAIR_039
5cbbba35	ab5b305a	MAR_HAIR_100
4b3ec0b6	ab5b305a	MAR_HAIR_101
39c1c737	ab5b305a	MAR_HAIR_102
2844cdb8	ab5b305a	MAR_HAIR_103
16c7d439	ab5b305a	MAR_HAIR_104
b65771c3	f9cec74c	MIL_HAIR_001
a4da7844	50ecb82b	MIL_HAIR_002
935d7ec5	f9cec74c	MIL_HAIR_003
81e08546	f9cec74c	MIL_HAIR_004
70638bc7	f9cec74c	MIL_HAIR_005
5ee69248	f9cec74c	MIL_HAIR_006
3bec9f4a	f9cec74c	MIL_HAIR_008
cf8610a1	f9cec74c	MIL_HAIR_010
be091722	f9cec74c	MIL_HAIR_011
cd6c61e0	f9cec74c	MIL_HAIR_031
aa726ee2	f9cec74c	MIL_HAIR_033
87787be4	f9cec74c	MIL_HAIR_035
75fb8265	f9cec74c	MIL_HAIR_036
647e88e6	f9cec74c	MIL_HAIR_037
4b3c2484	f9cec74c	MIL_HAIR_101
39bf2b05	f9cec74c	MIL_HAIR_102
28423186	f9cec74c	MIL_HAIR_103
16c53807	f9cec74c	MIL_HAIR_104
e24e4b8a	f9cec74c	MIL_HAIR_107
b65b2780	917de6af	MNT_HAIR_001
be0cccdf	917de6af	MNT_HAIR_011
cd70179d	917de6af	MNT_HAIR_031
39c2e0c2	917de6af	MNT_HAIR_102
16c8edc4	917de6af	MNT_HAIR_104
b657fca8	a8c80287	MOM_HAIR_001
a4db0329	a8c80287	MOM_HAIR_002
935e09aa	a8c80287	MOM_HAIR_003
81e1102b	ae21d524	MOM_HAIR_004
706416ac	053fc603	MOM_HAIR_005
5ee71d2d	a8c80287	MOM_HAIR_006
cf869b86	a8c80287	MOM_HAIR_010
be09a207	ae21d524	MOM_HAIR_011
cd6cecc5	a8c80287	MOM_HAIR_031
aa72f9c7	ae21d524	MOM_HAIR_033
877906c9	ae21d524	MOM_HAIR_035
647f13cb	a8c80287	MOM_HAIR_037
4b3caf69	a8c80287	MOM_HAIR_101
39bfb5ea	a8c80287	MOM_HAIR_102
2842bc6b	a8c80287	MOM_HAIR_103
b6595d86	ff615bd9	MPP_HAIR_001
a4dc6407	567f4cb8	MPP_HAIR_002
b6535a8b	b1b071e1	NIC_HAIR_001
a4d6610c	b1b071e1	NIC_HAIR_002
9359678d	59874c84	NIC_HAIR_003
9359678d	cf0172c5	NIC_HAIR_003
9359678d	e40d2643	NIC_HAIR_003
81dc6e0e	b1b071e1	NIC_HAIR_004
705f748f	59874c84	NIC_HAIR_005
705f748f	cf0172c5	NIC_HAIR_005
705f748f	e40d2643	NIC_HAIR_005
5ee27b10	b1b071e1	NIC_HAIR_006
4d658191	b1b071e1	NIC_HAIR_007
cf81f969	b1b071e1	NIC_HAIR_010
be04ffea	b1b071e1	NIC_HAIR_011
cd684aa8	b1b071e1	NIC_HAIR_031
aa6e57aa	b1b071e1	NIC_HAIR_033
98f15e2b	027eabe4	NIC_HAIR_034
877464ac	b1b071e1	NIC_HAIR_035
75f76b2d	b1b071e1	NIC_HAIR_036
647a71ae	07d87e81	NIC_HAIR_037
52fd782f	07d87e81	NIC_HAIR_038
41807eb0	b614603f	NIC_HAIR_039
4b380d4c	b1b071e1	NIC_HAIR_101
39bb13cd	b1b071e1	NIC_HAIR_102
283e1a4e	b1b071e1	NIC_HAIR_103
16c120cf	08ce62c0	NIC_HAIR_104
05442750	b1b071e1	NIC_HAIR_105
e24a3452	b1b071e1	NIC_HAIR_107
b6590b0f	0b42c180	NYO_HAIR_001
a4dc1190	0b42c180	NYO_HAIR_002
935f1811	b97ea33e	NYO_HAIR_003
81e21e92	b97ea33e	NYO_HAIR_004
70652513	67ba84fc	NYO_HAIR_005
5ee82b94	2aadf43f	NYO_HAIR_006
4d6b3215	b97ea33e	NYO_HAIR_007
3bee3896	b97ea33e	NYO_HAIR_008
cf87a9ed	67ba84fc	NYO_HAIR_010
be0ab06e	b97ea33e	NYO_HAIR_011
cd6dfb2c	b97ea33e	NYO_HAIR_031
aa74082e	b97ea33e	NYO_HAIR_033
98f70eaf	67ba84fc	NYO_HAIR_034
877a1530	b97ea33e	NYO_HAIR_035
75fd1bb1	b97ea33e	NYO_HAIR_036
64802232	70f94c7d	NYO_HAIR_037
39c0c451	b97ea33e	NYO_HAIR_102
2843cad2	0b42c180	NYO_HAIR_103
b654b425	ff615bd9	PHF_HAIR_001
a4d7baa6	567f4cb8	PHF_HAIR_002
935ac127	ad9d3d97	PHF_HAIR_003
81ddc7a8	7144623b	PHF_HAIR_004
7060ce29	ff615bd9	PHF_HAIR_005
cf835303	ad9d3d97	PHF_HAIR_010
be065984	567f4cb8	PHF_HAIR_011
cd69a442	ff615bd9	PHF_HAIR_031
aa6fb144	13b4b3a8	PHF_HAIR_033
8775be46	ad9d3d97	PHF_HAIR_035
75f8c4c7	567f4cb8	PHF_HAIR_036
647bcb48	23010327	PHF_HAIR_037
4181d84a	7144623b	PHF_HAIR_039
4b3966e6	13b4b3a8	PHF_HAIR_101
39bc6d67	567f4cb8	PHF_HAIR_102
283f73e8	567f4cb8	PHF_HAIR_103
16c27a69	ff615bd9	PHF_HAIR_104
054580ea	567f4cb8	PHF_HAIR_105
e24b8dec	567f4cb8	PHF_HAIR_107
c7d0367e	b4431590	RAC_HAIR_000
b6533cff	b4431590	RAC_HAIR_001
a4d64380	0b61066f	RAC_HAIR_002
93594a01	b4431590	RAC_HAIR_003
81dc5082	0b61066f	RAC_HAIR_004
705f5703	b4431590	RAC_HAIR_005
5ee25d84	0b61066f	RAC_HAIR_006
cf81dbdd	b4431590	RAC_HAIR_010
cd682d1c	0b61066f	RAC_HAIR_031
87744720	0b61066f	RAC_HAIR_035
647a5422	b4431590	RAC_HAIR_037
283dfcc2	0b61066f	RAC_HAIR_103
c7d0c8e5	405c3884	RID_HAIR_000
be0574c5	405c3884	RID_HAIR_011
e24aa92d	405c3884	RID_HAIR_107
b65bc5c5	2a046b07	RYU_HAIR_001
be0d6b24	2a046b07	RYU_HAIR_011
5cbd7205	2a046b07	RYU_HAIR_100
b653d707	98e61888	SKD_HAIR_001
be057c66	98e61888	SKD_HAIR_011
cd68c724	98e61888	SKD_HAIR_031
c7d40a62	4b3f0b4d	SNK_HAIR_000
b65710e3	a25cfc2c	SNK_HAIR_001
cf85afc1	a25cfc2c	SNK_HAIR_010
be08b642	a25cfc2c	SNK_HAIR_011
ac8bbcc3	a25cfc2c	SNK_HAIR_012
9b0ec344	a25cfc2c	SNK_HAIR_013
8991c9c5	a25cfc2c	SNK_HAIR_014
b6585b5a	87dbb915	TIN_HAIR_001
b6585b5a	fd506963	TIN_HAIR_001
a4db61db	def9a9f4	TIN_HAIR_002
935e685c	87dbb915	TIN_HAIR_003
935e685c	fd506963	TIN_HAIR_003
81e16edd	87dbb915	TIN_HAIR_004
81e16edd	fd506963	TIN_HAIR_004
3bed88e1	87dbb915	TIN_HAIR_008
cf86fa38	6f336fc5	TIN_HAIR_010
cf86fa38	87dbb915	TIN_HAIR_010
be0a00b9	6f336fc5	TIN_HAIR_011
be0a00b9	87dbb915	TIN_HAIR_011
cd6d4b77	87dbb915	TIN_HAIR_031
cd6d4b77	fd506963	TIN_HAIR_031
aa735879	87dbb915	TIN_HAIR_033
aa735879	fd506963	TIN_HAIR_033
98f65efa	e8387175	TIN_HAIR_034
8779657b	87dbb915	TIN_HAIR_035
8779657b	fd506963	TIN_HAIR_035
647f727d	87dbb915	TIN_HAIR_037
647f727d	fd506963	TIN_HAIR_037
4b3d0e1b	87dbb915	TIN_HAIR_101
4b3d0e1b	fd506963	TIN_HAIR_101
39c0149c	87dbb915	TIN_HAIR_102
39c0149c	fd506963	TIN_HAIR_102
28431b1d	87dbb915	TIN_HAIR_103
28431b1d	fd506963	TIN_HAIR_103
16c6219e	87dbb915	TIN_HAIR_104
16c6219e	fd506963	TIN_HAIR_104
e24f3521	87dbb915	TIN_HAIR_107
e24f3521	fd506963	TIN_HAIR_107
