fdata_package/data/0x9b153f23.file	vanilla/data/0x9b153f23.file
fdata_package/data/0xadbf74bb.file	vanilla/data/0xadbf74bb.file
fdata_package/data/0xdd38455c.file	vanilla/data/0xdd38455c.file
fdata_package/data/0x04b55192.file	vanilla/data/0x04b55192.file
fdata_package/data/0x35ab1c3a.file	vanilla/data/0x35ab1c3a.file
fdata_package/data/0xb7c2c648.file	vanilla/data/0xb7c2c648.file
fdata_package/data/0xad5d7e7c.file	vanilla/data/0xad5d7e7c.file
fdata_package/data/0xc7e5818c.file	vanilla/data/0xc7e5818c.file
fdata_package/data/0x2784abbe.file	vanilla/data/0x2784abbe.file
fdata_package/data/0xd956e4a2.file	vanilla/data/0xd956e4a2.file
fdata_package/data/0xb290631c.file	vanilla/data/0xb290631c.file
fdata_package/data/0x1221f597.file	vanilla/data/0x1221f597.file
fdata_package/data/0x3ae674a6.file	vanilla/data/0x3ae674a6.file
fdata_package/data/0x3af161bc.file	vanilla/data/0x3af161bc.file
fdata_package/data/0x50517fe9.file	vanilla/data/0x50517fe9.file
fdata_package/data/0x667bfc9c.file	vanilla/data/0x667bfc9c.file
fdata_package/data/0x7644a49c.file	vanilla/data/0x7644a49c.file
fdata_package/data/0x79caca47.file	vanilla/data/0x79caca47.file
fdata_package/data/0x7c36ab51.file	vanilla/data/0x7c36ab51.file
fdata_package/data/0x7fbcd0fc.file	vanilla/data/0x7fbcd0fc.file
fdata_package/data/0x98fd26fe.file	vanilla/data/0x98fd26fe.file
fdata_package/data/0xa056a55e.file	vanilla/data/0xa056a55e.file
fdata_package/data/0xa8a5ebd8.file	vanilla/data/0xa8a5ebd8.file
fdata_package/data/0xa8c80287.file	vanilla/data/0xa8c80287.file
fdata_package/data/0xae21d524.file	vanilla/data/0xae21d524.file
fdata_package/data/0xb3762ca2.file	vanilla/data/0xb3762ca2.file
fdata_package/data/0xb6fc524d.file	vanilla/data/0xb6fc524d.file
fdata_package/data/0xc1e641da.file	vanilla/data/0xc1e641da.file
fdata_package/data/0xc3647d17.file	vanilla/data/0xc3647d17.file
fdata_package/data/0xc532d03e.file	vanilla/data/0xc532d03e.file
fdata_package/data/0xcc3625e2.file	vanilla/data/0xcc3625e2.file
fdata_package/data/0xdca4d319.file	vanilla/data/0xdca4d319.file
fdata_package/data/0xde230e56.file	vanilla/data/0xde230e56.file
fdata_package/data/0xf7636458.file	vanilla/data/0xf7636458.file
fdata_package/data/0xf8e19f95.file	vanilla/data/0xf8e19f95.file
fdata_package/data/0x0b3e6fd7.file	vanilla/data/0x0b3e6fd7.file
fdata_package/data/0x18c7c58a.file	vanilla/data/0x18c7c58a.file
fdata_package/data/0x1eb9cc3f.file	vanilla/data/0x1eb9cc3f.file
fdata_package/data/0x32081b8c.file	vanilla/data/0x32081b8c.file
fdata_package/data/0x37fa2241.file	vanilla/data/0x37fa2241.file
fdata_package/data/0x55f94d90.file	vanilla/data/0x55f94d90.file
fdata_package/data/0x6f39a392.file	vanilla/data/0x6f39a392.file
fdata_package/data/0x8c279a89.file	vanilla/data/0x8c279a89.file
fdata_package/data/0x9219a13e.file	vanilla/data/0x9219a13e.file
fdata_package/data/0x97de9ad8.file	vanilla/data/0x97de9ad8.file
fdata_package/data/0xc5e58351.file	vanilla/data/0xc5e58351.file
fdata_package/data/0xc959228f.file	vanilla/data/0xc959228f.file
fdata_package/data/0xd0bac93c.file	vanilla/data/0xd0bac93c.file
fdata_package/data/0x549de776.file	vanilla/data/0x549de776.file
fdata_package/data/0x15645378.file	vanilla/data/0x15645378.file
fdata_package/data/0x1b49f7df.file	vanilla/data/0x1b49f7df.file
fdata_package/data/0x236a19ff.file	vanilla/data/0x236a19ff.file
fdata_package/data/0x2a59ab7d.file	vanilla/data/0x2a59ab7d.file
fdata_package/data/0x3033a56a.file	vanilla/data/0x3033a56a.file
fdata_package/data/0x567f4cb8.file	vanilla/data/0x567f4cb8.file
fdata_package/data/0x9322271f.file	vanilla/data/0x9322271f.file
fdata_package/data/0x14e8429c.file	vanilla/data/0x14e8429c.file
fdata_package/data/0x36459579.file	vanilla/data/0x36459579.file
fdata_package/data/0x3ad99403.file	vanilla/data/0x3ad99403.file
fdata_package/data/0x4afc4f47.file	vanilla/data/0x4afc4f47.file
fdata_package/data/0x5cfb52b5.file	vanilla/data/0x5cfb52b5.file
fdata_package/data/0x8346fa03.file	vanilla/data/0x8346fa03.file
fdata_package/data/0x993b5160.file	vanilla/data/0x993b5160.file
fdata_package/data/0xbfe9d46a.file	vanilla/data/0xbfe9d46a.file
fdata_package/data/0xe6e56c73.file	vanilla/data/0xe6e56c73.file
fdata_package/data/0xefbff98d.file	vanilla/data/0xefbff98d.file
fdata_package/data/0xf5a59df4.file	vanilla/data/0xf5a59df4.file
fdata_package/data/0xfdc5c014.file	vanilla/data/0xfdc5c014.file
fdata_package/data/0x3ebe1100.file	vanilla/data/0x3ebe1100.file
fdata_package/data/0xc9a7492d.file	vanilla/data/0xc9a7492d.file
fdata_package/data/0xea71151d.file	vanilla/data/0xea71151d.file
fdata_package/data/0x92d4b6e6.file	vanilla/data/0x92d4b6e6.file
fdata_package/data/0xa5be5113.file	vanilla/data/0xa5be5113.file
fdata_package/data/0xe92d589d.file	vanilla/data/0xe92d589d.file
fdata_package/data/0x97693a5b.file	vanilla/data/0x97693a5b.file
fdata_package/data/0xee872b3a.file	vanilla/data/0xee872b3a.file
fdata_package/data/0x9cc30cf8.file	vanilla/data/0x9cc30cf8.file
fdata_package/data/0xda64eae2.file	vanilla/data/0xda64eae2.file
fdata_package/data/0x3182dbc1.file	vanilla/data/0x3182dbc1.file
fdata_package/data/0x88a0cca0.file	vanilla/data/0x88a0cca0.file
fdata_package/data/0xab5b305a.file	vanilla/data/0xab5b305a.file
fdata_package/data/0x67ba84fc.file	vanilla/data/0x67ba84fc.file
fdata_package/data/0x87dbb915.file	vanilla/data/0x87dbb915.file
fdata_package/data/0x70c23f04.file	vanilla/data/0x70c23f04.file
fdata_package/data/0x5a22acde.file	vanilla/data/0x5a22acde.file
fdata_package/data/0xf9cec74c.file	vanilla/data/0xf9cec74c.file
fdata_package/data/0x753b574d.file	vanilla/data/0x753b574d.file
fdata_package/data/0x2aadf43f.file	vanilla/data/0x2aadf43f.file
fdata_package/data/0xdef9a9f4.file	vanilla/data/0xdef9a9f4.file
fdata_package/data/0xc7e02fe3.file	vanilla/data/0xc7e02fe3.file
fdata_package/data/0x50ecb82b.file	vanilla/data/0x50ecb82b.file
fdata_package/data/0xcc59482c.file	vanilla/data/0xcc59482c.file
fdata_package/data/0x59971218.file	vanilla/data/0x59971218.file
fdata_package/data/0x1efe20c2.file	vanilla/data/0x1efe20c2.file
fdata_package/data/0xb0b502f7.file	vanilla/data/0xb0b502f7.file
fdata_package/data/0xbe13d543.file	vanilla/data/0xbe13d543.file
fdata_package/data/0x7081de8b.file	vanilla/data/0x7081de8b.file
fdata_package/data/0xff615bd9.file	vanilla/data/0xff615bd9.file
fdata_package/data/0x1531c622.file	vanilla/data/0x1531c622.file
fdata_package/data/0xc79fcf6a.file	vanilla/data/0xc79fcf6a.file
fdata_package/data/0x55cc2312.file	vanilla/data/0x55cc2312.file
fdata_package/data/0xb1b071e1.file	vanilla/data/0xb1b071e1.file
fdata_package/data/0x6c4fb701.file	vanilla/data/0x6c4fb701.file
fdata_package/data/0x1ebdc049.file	vanilla/data/0x1ebdc049.file
fdata_package/data/0xacea13f1.file	vanilla/data/0xacea13f1.file
fdata_package/data/0xad9d3d97.file	vanilla/data/0xad9d3d97.file
fdata_package/data/0x78e1ff96.file	vanilla/data/0x78e1ff96.file
fdata_package/data/0x7541e793.file	vanilla/data/0x7541e793.file
fdata_package/data/0x040804d0.file	vanilla/data/0x040804d0.file
fdata_package/data/0x04bb2e76.file	vanilla/data/0x04bb2e76.file
fdata_package/data/0xcffff075.file	vanilla/data/0xcffff075.file
fdata_package/data/0x4a9dcb8c.file	vanilla/data/0x4a9dcb8c.file
fdata_package/data/0xa6c67148.file	vanilla/data/0xa6c67148.file
fdata_package/data/0x271de154.file	vanilla/data/0x271de154.file
fdata_package/data/0xa1bbbc6b.file	vanilla/data/0xa1bbbc6b.file
fdata_package/data/0x2a046b07.file	vanilla/data/0x2a046b07.file
fdata_package/data/0xf8d9ad4a.file	vanilla/data/0xf8d9ad4a.file
fdata_package/data/0x4ff79e29.file	vanilla/data/0x4ff79e29.file
fdata_package/data/0x7144623b.file	vanilla/data/0x7144623b.file
fdata_package/data/0x719210de.file	vanilla/data/0x719210de.file
fdata_package/data/0x0b42c180.file	vanilla/data/0x0b42c180.file
fdata_package/data/0x43325190.file	vanilla/data/0x43325190.file
fdata_package/data/0xc8b001bd.file	vanilla/data/0xc8b001bd.file
fdata_package/data/0xb97ea33e.file	vanilla/data/0xb97ea33e.file
fdata_package/data/0x3640b996.file	vanilla/data/0x3640b996.file
fdata_package/data/0xdede91c6.file	vanilla/data/0xdede91c6.file
fdata_package/data/0x0304bbff.file	vanilla/data/0x0304bbff.file
fdata_package/data/0x027eabe4.file	vanilla/data/0x027eabe4.file
fdata_package/data/0x053fc603.file	vanilla/data/0x053fc603.file
fdata_package/data/0x07d87e81.file	vanilla/data/0x07d87e81.file
fdata_package/data/0x08ce62c0.file	vanilla/data/0x08ce62c0.file
fdata_package/data/0x0b61066f.file	vanilla/data/0x0b61066f.file
fdata_package/data/0x130a2a23.file	vanilla/data/0x130a2a23.file
fdata_package/data/0x13b4b3a8.file	vanilla/data/0x13b4b3a8.file
fdata_package/data/0x23010327.file	vanilla/data/0x23010327.file
fdata_package/data/0x3e42ded4.file	vanilla/data/0x3e42ded4.file
fdata_package/data/0x3ec59451.file	vanilla/data/0x3ec59451.file
fdata_package/data/0x405c3884.file	vanilla/data/0x405c3884.file
fdata_package/data/0x4b3f0b4d.file	vanilla/data/0x4b3f0b4d.file
fdata_package/data/0x59874c84.file	vanilla/data/0x59874c84.file
fdata_package/data/0x6f336fc5.file	vanilla/data/0x6f336fc5.file
fdata_package/data/0x70f94c7d.file	vanilla/data/0x70f94c7d.file
fdata_package/data/0x7ae8511f.file	vanilla/data/0x7ae8511f.file
fdata_package/data/0x917de6af.file	vanilla/data/0x917de6af.file
fdata_package/data/0x98e61888.file	vanilla/data/0x98e61888.file
fdata_package/data/0xa25cfc2c.file	vanilla/data/0xa25cfc2c.file
fdata_package/data/0xa56b8bf3.file	vanilla/data/0xa56b8bf3.file
fdata_package/data/0xaafa83ec.file	vanilla/data/0xaafa83ec.file
fdata_package/data/0xb14a3ac8.file	vanilla/data/0xb14a3ac8.file
fdata_package/data/0xb4431590.file	vanilla/data/0xb4431590.file
fdata_package/data/0xb614603f.file	vanilla/data/0xb614603f.file
fdata_package/data/0xbb82ae0f.file	vanilla/data/0xbb82ae0f.file
fdata_package/data/0xbf4d9d15.file	vanilla/data/0xbf4d9d15.file
fdata_package/data/0xcf0172c5.file	vanilla/data/0xcf0172c5.file
fdata_package/data/0xd20641fe.file	vanilla/data/0xd20641fe.file
fdata_package/data/0xd93eb7f6.file	vanilla/data/0xd93eb7f6.file
fdata_package/data/0xe40d2643.file	vanilla/data/0xe40d2643.file
fdata_package/data/0xe8387175.file	vanilla/data/0xe8387175.file
fdata_package/data/0xfd506963.file	vanilla/data/0xfd506963.file
