fdata_package/data/0x1221f597.file	Layer2/0001_MOM_COS_105/data/0x1221f597.file
fdata_package/data/0x3ae674a6.file	Layer2/0001_MOM_COS_105/data/0x3ae674a6.file
fdata_package/data/0x3af161bc.file	Layer2/0001_MOM_COS_105/data/0x3af161bc.file
fdata_package/data/0x50517fe9.file	Layer2/0001_MOM_COS_105/data/0x50517fe9.file
fdata_package/data/0x667bfc9c.file	Layer2/0001_MOM_COS_105/data/0x667bfc9c.file
fdata_package/data/0x7644a49c.file	Layer2/0001_MOM_COS_105/data/0x7644a49c.file
fdata_package/data/0x79caca47.file	Layer2/0001_MOM_COS_105/data/0x79caca47.file
fdata_package/data/0x7c36ab51.file	Layer2/0001_MOM_COS_105/data/0x7c36ab51.file
fdata_package/data/0x7fbcd0fc.file	Layer2/0001_MOM_COS_105/data/0x7fbcd0fc.file
fdata_package/data/0x98fd26fe.file	Layer2/0001_MOM_COS_105/data/0x98fd26fe.file
fdata_package/data/0xa056a55e.file	Layer2/0001_MOM_COS_105/data/0xa056a55e.file
fdata_package/data/0xa8a5ebd8.file	Layer2/0001_MOM_COS_105/data/0xa8a5ebd8.file
fdata_package/data/0xa8c80287.file	Layer2/0001_MOM_COS_105/data/0xa8c80287.file
fdata_package/data/0xae21d524.file	Layer2/0001_MOM_COS_105/data/0xae21d524.file
fdata_package/data/0xb3762ca2.file	Layer2/0001_MOM_COS_105/data/0xb3762ca2.file
fdata_package/data/0xb6fc524d.file	Layer2/0001_MOM_COS_105/data/0xb6fc524d.file
fdata_package/data/0xc1e641da.file	Layer2/0001_MOM_COS_105/data/0xc1e641da.file
fdata_package/data/0xc3647d17.file	Layer2/0001_MOM_COS_105/data/0xc3647d17.file
fdata_package/data/0xc532d03e.file	Layer2/0001_MOM_COS_105/data/0xc532d03e.file
fdata_package/data/0xcc3625e2.file	Layer2/0001_MOM_COS_105/data/0xcc3625e2.file
fdata_package/data/0xdca4d319.file	Layer2/0001_MOM_COS_105/data/0xdca4d319.file
fdata_package/data/0xde230e56.file	Layer2/0001_MOM_COS_105/data/0xde230e56.file
fdata_package/data/0xf7636458.file	Layer2/0001_MOM_COS_105/data/0xf7636458.file
fdata_package/data/0xf8e19f95.file	Layer2/0001_MOM_COS_105/data/0xf8e19f95.file
